country_code,country_name,currency,grade_code,grade_description,step,annual,verified_at,source_url
tw,Taiwan,TWD,BPT,俸點 (Pay Point) — Taiwan's unified pay scale. Each civil servant's rank (職等 grade × 級 step) maps to a 俸點 value from 160 (lowest entry) to 800 (top of 簡任 senior appointment). This page shows the full 俸點 → 月支數額 mapping published by DGPA. 委任 (Elementary Appointment) covers 職等 1-5; 薦任 (Recommended) covers 6-9; 簡任 (Designated) covers 10-14.,230,208680,2026-05-15T04:02:41.793Z,https://www.dgpa.gov.tw/uploads/dgpa/files/202505/7927abfd-d520-43d5-913e-c616bf4a16e7.pdf
tw,Taiwan,TWD,BPT,俸點 (Pay Point) — Taiwan's unified pay scale. Each civil servant's rank (職等 grade × 級 step) maps to a 俸點 value from 160 (lowest entry) to 800 (top of 簡任 senior appointment). This page shows the full 俸點 → 月支數額 mapping published by DGPA. 委任 (Elementary Appointment) covers 職等 1-5; 薦任 (Recommended) covers 6-9; 簡任 (Designated) covers 10-14.,240,217920,2026-05-15T04:02:41.793Z,https://www.dgpa.gov.tw/uploads/dgpa/files/202505/7927abfd-d520-43d5-913e-c616bf4a16e7.pdf
tw,Taiwan,TWD,BPT,俸點 (Pay Point) — Taiwan's unified pay scale. Each civil servant's rank (職等 grade × 級 step) maps to a 俸點 value from 160 (lowest entry) to 800 (top of 簡任 senior appointment). This page shows the full 俸點 → 月支數額 mapping published by DGPA. 委任 (Elementary Appointment) covers 職等 1-5; 薦任 (Recommended) covers 6-9; 簡任 (Designated) covers 10-14.,250,227040,2026-05-15T04:02:41.793Z,https://www.dgpa.gov.tw/uploads/dgpa/files/202505/7927abfd-d520-43d5-913e-c616bf4a16e7.pdf
tw,Taiwan,TWD,BPT,俸點 (Pay Point) — Taiwan's unified pay scale. Each civil servant's rank (職等 grade × 級 step) maps to a 俸點 value from 160 (lowest entry) to 800 (top of 簡任 senior appointment). This page shows the full 俸點 → 月支數額 mapping published by DGPA. 委任 (Elementary Appointment) covers 職等 1-5; 薦任 (Recommended) covers 6-9; 簡任 (Designated) covers 10-14.,260,236280,2026-05-15T04:02:41.793Z,https://www.dgpa.gov.tw/uploads/dgpa/files/202505/7927abfd-d520-43d5-913e-c616bf4a16e7.pdf
tw,Taiwan,TWD,BPT,俸點 (Pay Point) — Taiwan's unified pay scale. Each civil servant's rank (職等 grade × 級 step) maps to a 俸點 value from 160 (lowest entry) to 800 (top of 簡任 senior appointment). This page shows the full 俸點 → 月支數額 mapping published by DGPA. 委任 (Elementary Appointment) covers 職等 1-5; 薦任 (Recommended) covers 6-9; 簡任 (Designated) covers 10-14.,270,245520,2026-05-15T04:02:41.793Z,https://www.dgpa.gov.tw/uploads/dgpa/files/202505/7927abfd-d520-43d5-913e-c616bf4a16e7.pdf
tw,Taiwan,TWD,BPT,俸點 (Pay Point) — Taiwan's unified pay scale. Each civil servant's rank (職等 grade × 級 step) maps to a 俸點 value from 160 (lowest entry) to 800 (top of 簡任 senior appointment). This page shows the full 俸點 → 月支數額 mapping published by DGPA. 委任 (Elementary Appointment) covers 職等 1-5; 薦任 (Recommended) covers 6-9; 簡任 (Designated) covers 10-14.,280,254640,2026-05-15T04:02:41.793Z,https://www.dgpa.gov.tw/uploads/dgpa/files/202505/7927abfd-d520-43d5-913e-c616bf4a16e7.pdf
tw,Taiwan,TWD,BPT,俸點 (Pay Point) — Taiwan's unified pay scale. Each civil servant's rank (職等 grade × 級 step) maps to a 俸點 value from 160 (lowest entry) to 800 (top of 簡任 senior appointment). This page shows the full 俸點 → 月支數額 mapping published by DGPA. 委任 (Elementary Appointment) covers 職等 1-5; 薦任 (Recommended) covers 6-9; 簡任 (Designated) covers 10-14.,290,263880,2026-05-15T04:02:41.793Z,https://www.dgpa.gov.tw/uploads/dgpa/files/202505/7927abfd-d520-43d5-913e-c616bf4a16e7.pdf
tw,Taiwan,TWD,BPT,俸點 (Pay Point) — Taiwan's unified pay scale. Each civil servant's rank (職等 grade × 級 step) maps to a 俸點 value from 160 (lowest entry) to 800 (top of 簡任 senior appointment). This page shows the full 俸點 → 月支數額 mapping published by DGPA. 委任 (Elementary Appointment) covers 職等 1-5; 薦任 (Recommended) covers 6-9; 簡任 (Designated) covers 10-14.,300,273000,2026-05-15T04:02:41.793Z,https://www.dgpa.gov.tw/uploads/dgpa/files/202505/7927abfd-d520-43d5-913e-c616bf4a16e7.pdf
tw,Taiwan,TWD,BPT,俸點 (Pay Point) — Taiwan's unified pay scale. Each civil servant's rank (職等 grade × 級 step) maps to a 俸點 value from 160 (lowest entry) to 800 (top of 簡任 senior appointment). This page shows the full 俸點 → 月支數額 mapping published by DGPA. 委任 (Elementary Appointment) covers 職等 1-5; 薦任 (Recommended) covers 6-9; 簡任 (Designated) covers 10-14.,310,282240,2026-05-15T04:02:41.793Z,https://www.dgpa.gov.tw/uploads/dgpa/files/202505/7927abfd-d520-43d5-913e-c616bf4a16e7.pdf
tw,Taiwan,TWD,BPT,俸點 (Pay Point) — Taiwan's unified pay scale. Each civil servant's rank (職等 grade × 級 step) maps to a 俸點 value from 160 (lowest entry) to 800 (top of 簡任 senior appointment). This page shows the full 俸點 → 月支數額 mapping published by DGPA. 委任 (Elementary Appointment) covers 職等 1-5; 薦任 (Recommended) covers 6-9; 簡任 (Designated) covers 10-14.,320,291480,2026-05-15T04:02:41.793Z,https://www.dgpa.gov.tw/uploads/dgpa/files/202505/7927abfd-d520-43d5-913e-c616bf4a16e7.pdf
tw,Taiwan,TWD,BPT,俸點 (Pay Point) — Taiwan's unified pay scale. Each civil servant's rank (職等 grade × 級 step) maps to a 俸點 value from 160 (lowest entry) to 800 (top of 簡任 senior appointment). This page shows the full 俸點 → 月支數額 mapping published by DGPA. 委任 (Elementary Appointment) covers 職等 1-5; 薦任 (Recommended) covers 6-9; 簡任 (Designated) covers 10-14.,330,300600,2026-05-15T04:02:41.793Z,https://www.dgpa.gov.tw/uploads/dgpa/files/202505/7927abfd-d520-43d5-913e-c616bf4a16e7.pdf
tw,Taiwan,TWD,BPT,俸點 (Pay Point) — Taiwan's unified pay scale. Each civil servant's rank (職等 grade × 級 step) maps to a 俸點 value from 160 (lowest entry) to 800 (top of 簡任 senior appointment). This page shows the full 俸點 → 月支數額 mapping published by DGPA. 委任 (Elementary Appointment) covers 職等 1-5; 薦任 (Recommended) covers 6-9; 簡任 (Designated) covers 10-14.,340,309840,2026-05-15T04:02:41.793Z,https://www.dgpa.gov.tw/uploads/dgpa/files/202505/7927abfd-d520-43d5-913e-c616bf4a16e7.pdf
tw,Taiwan,TWD,BPT,俸點 (Pay Point) — Taiwan's unified pay scale. Each civil servant's rank (職等 grade × 級 step) maps to a 俸點 value from 160 (lowest entry) to 800 (top of 簡任 senior appointment). This page shows the full 俸點 → 月支數額 mapping published by DGPA. 委任 (Elementary Appointment) covers 職等 1-5; 薦任 (Recommended) covers 6-9; 簡任 (Designated) covers 10-14.,350,318960,2026-05-15T04:02:41.793Z,https://www.dgpa.gov.tw/uploads/dgpa/files/202505/7927abfd-d520-43d5-913e-c616bf4a16e7.pdf
tw,Taiwan,TWD,BPT,俸點 (Pay Point) — Taiwan's unified pay scale. Each civil servant's rank (職等 grade × 級 step) maps to a 俸點 value from 160 (lowest entry) to 800 (top of 簡任 senior appointment). This page shows the full 俸點 → 月支數額 mapping published by DGPA. 委任 (Elementary Appointment) covers 職等 1-5; 薦任 (Recommended) covers 6-9; 簡任 (Designated) covers 10-14.,360,328200,2026-05-15T04:02:41.793Z,https://www.dgpa.gov.tw/uploads/dgpa/files/202505/7927abfd-d520-43d5-913e-c616bf4a16e7.pdf
tw,Taiwan,TWD,BPT,俸點 (Pay Point) — Taiwan's unified pay scale. Each civil servant's rank (職等 grade × 級 step) maps to a 俸點 value from 160 (lowest entry) to 800 (top of 簡任 senior appointment). This page shows the full 俸點 → 月支數額 mapping published by DGPA. 委任 (Elementary Appointment) covers 職等 1-5; 薦任 (Recommended) covers 6-9; 簡任 (Designated) covers 10-14.,370,337440,2026-05-15T04:02:41.793Z,https://www.dgpa.gov.tw/uploads/dgpa/files/202505/7927abfd-d520-43d5-913e-c616bf4a16e7.pdf
tw,Taiwan,TWD,BPT,俸點 (Pay Point) — Taiwan's unified pay scale. Each civil servant's rank (職等 grade × 級 step) maps to a 俸點 value from 160 (lowest entry) to 800 (top of 簡任 senior appointment). This page shows the full 俸點 → 月支數額 mapping published by DGPA. 委任 (Elementary Appointment) covers 職等 1-5; 薦任 (Recommended) covers 6-9; 簡任 (Designated) covers 10-14.,385,351240,2026-05-15T04:02:41.793Z,https://www.dgpa.gov.tw/uploads/dgpa/files/202505/7927abfd-d520-43d5-913e-c616bf4a16e7.pdf
tw,Taiwan,TWD,BPT,俸點 (Pay Point) — Taiwan's unified pay scale. Each civil servant's rank (職等 grade × 級 step) maps to a 俸點 value from 160 (lowest entry) to 800 (top of 簡任 senior appointment). This page shows the full 俸點 → 月支數額 mapping published by DGPA. 委任 (Elementary Appointment) covers 職等 1-5; 薦任 (Recommended) covers 6-9; 簡任 (Designated) covers 10-14.,400,364920,2026-05-15T04:02:41.793Z,https://www.dgpa.gov.tw/uploads/dgpa/files/202505/7927abfd-d520-43d5-913e-c616bf4a16e7.pdf
tw,Taiwan,TWD,BPT,俸點 (Pay Point) — Taiwan's unified pay scale. Each civil servant's rank (職等 grade × 級 step) maps to a 俸點 value from 160 (lowest entry) to 800 (top of 簡任 senior appointment). This page shows the full 俸點 → 月支數額 mapping published by DGPA. 委任 (Elementary Appointment) covers 職等 1-5; 薦任 (Recommended) covers 6-9; 簡任 (Designated) covers 10-14.,415,378720,2026-05-15T04:02:41.793Z,https://www.dgpa.gov.tw/uploads/dgpa/files/202505/7927abfd-d520-43d5-913e-c616bf4a16e7.pdf
tw,Taiwan,TWD,BPT,俸點 (Pay Point) — Taiwan's unified pay scale. Each civil servant's rank (職等 grade × 級 step) maps to a 俸點 value from 160 (lowest entry) to 800 (top of 簡任 senior appointment). This page shows the full 俸點 → 月支數額 mapping published by DGPA. 委任 (Elementary Appointment) covers 職等 1-5; 薦任 (Recommended) covers 6-9; 簡任 (Designated) covers 10-14.,430,392520,2026-05-15T04:02:41.793Z,https://www.dgpa.gov.tw/uploads/dgpa/files/202505/7927abfd-d520-43d5-913e-c616bf4a16e7.pdf
tw,Taiwan,TWD,BPT,俸點 (Pay Point) — Taiwan's unified pay scale. Each civil servant's rank (職等 grade × 級 step) maps to a 俸點 value from 160 (lowest entry) to 800 (top of 簡任 senior appointment). This page shows the full 俸點 → 月支數額 mapping published by DGPA. 委任 (Elementary Appointment) covers 職等 1-5; 薦任 (Recommended) covers 6-9; 簡任 (Designated) covers 10-14.,445,406320,2026-05-15T04:02:41.793Z,https://www.dgpa.gov.tw/uploads/dgpa/files/202505/7927abfd-d520-43d5-913e-c616bf4a16e7.pdf
tw,Taiwan,TWD,BPT,俸點 (Pay Point) — Taiwan's unified pay scale. Each civil servant's rank (職等 grade × 級 step) maps to a 俸點 value from 160 (lowest entry) to 800 (top of 簡任 senior appointment). This page shows the full 俸點 → 月支數額 mapping published by DGPA. 委任 (Elementary Appointment) covers 職等 1-5; 薦任 (Recommended) covers 6-9; 簡任 (Designated) covers 10-14.,460,420120,2026-05-15T04:02:41.793Z,https://www.dgpa.gov.tw/uploads/dgpa/files/202505/7927abfd-d520-43d5-913e-c616bf4a16e7.pdf
tw,Taiwan,TWD,BPT,俸點 (Pay Point) — Taiwan's unified pay scale. Each civil servant's rank (職等 grade × 級 step) maps to a 俸點 value from 160 (lowest entry) to 800 (top of 簡任 senior appointment). This page shows the full 俸點 → 月支數額 mapping published by DGPA. 委任 (Elementary Appointment) covers 職等 1-5; 薦任 (Recommended) covers 6-9; 簡任 (Designated) covers 10-14.,475,433920,2026-05-15T04:02:41.793Z,https://www.dgpa.gov.tw/uploads/dgpa/files/202505/7927abfd-d520-43d5-913e-c616bf4a16e7.pdf
tw,Taiwan,TWD,BPT,俸點 (Pay Point) — Taiwan's unified pay scale. Each civil servant's rank (職等 grade × 級 step) maps to a 俸點 value from 160 (lowest entry) to 800 (top of 簡任 senior appointment). This page shows the full 俸點 → 月支數額 mapping published by DGPA. 委任 (Elementary Appointment) covers 職等 1-5; 薦任 (Recommended) covers 6-9; 簡任 (Designated) covers 10-14.,490,447720,2026-05-15T04:02:41.793Z,https://www.dgpa.gov.tw/uploads/dgpa/files/202505/7927abfd-d520-43d5-913e-c616bf4a16e7.pdf
tw,Taiwan,TWD,BPT,俸點 (Pay Point) — Taiwan's unified pay scale. Each civil servant's rank (職等 grade × 級 step) maps to a 俸點 value from 160 (lowest entry) to 800 (top of 簡任 senior appointment). This page shows the full 俸點 → 月支數額 mapping published by DGPA. 委任 (Elementary Appointment) covers 職等 1-5; 薦任 (Recommended) covers 6-9; 簡任 (Designated) covers 10-14.,505,461520,2026-05-15T04:02:41.793Z,https://www.dgpa.gov.tw/uploads/dgpa/files/202505/7927abfd-d520-43d5-913e-c616bf4a16e7.pdf
tw,Taiwan,TWD,BPT,俸點 (Pay Point) — Taiwan's unified pay scale. Each civil servant's rank (職等 grade × 級 step) maps to a 俸點 value from 160 (lowest entry) to 800 (top of 簡任 senior appointment). This page shows the full 俸點 → 月支數額 mapping published by DGPA. 委任 (Elementary Appointment) covers 職等 1-5; 薦任 (Recommended) covers 6-9; 簡任 (Designated) covers 10-14.,520,475320,2026-05-15T04:02:41.793Z,https://www.dgpa.gov.tw/uploads/dgpa/files/202505/7927abfd-d520-43d5-913e-c616bf4a16e7.pdf
tw,Taiwan,TWD,BPT,俸點 (Pay Point) — Taiwan's unified pay scale. Each civil servant's rank (職等 grade × 級 step) maps to a 俸點 value from 160 (lowest entry) to 800 (top of 簡任 senior appointment). This page shows the full 俸點 → 月支數額 mapping published by DGPA. 委任 (Elementary Appointment) covers 職等 1-5; 薦任 (Recommended) covers 6-9; 簡任 (Designated) covers 10-14.,535,489120,2026-05-15T04:02:41.793Z,https://www.dgpa.gov.tw/uploads/dgpa/files/202505/7927abfd-d520-43d5-913e-c616bf4a16e7.pdf
tw,Taiwan,TWD,BPT,俸點 (Pay Point) — Taiwan's unified pay scale. Each civil servant's rank (職等 grade × 級 step) maps to a 俸點 value from 160 (lowest entry) to 800 (top of 簡任 senior appointment). This page shows the full 俸點 → 月支數額 mapping published by DGPA. 委任 (Elementary Appointment) covers 職等 1-5; 薦任 (Recommended) covers 6-9; 簡任 (Designated) covers 10-14.,550,502800,2026-05-15T04:02:41.793Z,https://www.dgpa.gov.tw/uploads/dgpa/files/202505/7927abfd-d520-43d5-913e-c616bf4a16e7.pdf
tw,Taiwan,TWD,BPT,俸點 (Pay Point) — Taiwan's unified pay scale. Each civil servant's rank (職等 grade × 級 step) maps to a 俸點 value from 160 (lowest entry) to 800 (top of 簡任 senior appointment). This page shows the full 俸點 → 月支數額 mapping published by DGPA. 委任 (Elementary Appointment) covers 職等 1-5; 薦任 (Recommended) covers 6-9; 簡任 (Designated) covers 10-14.,590,539640,2026-05-15T04:02:41.793Z,https://www.dgpa.gov.tw/uploads/dgpa/files/202505/7927abfd-d520-43d5-913e-c616bf4a16e7.pdf
tw,Taiwan,TWD,BPT,俸點 (Pay Point) — Taiwan's unified pay scale. Each civil servant's rank (職等 grade × 級 step) maps to a 俸點 value from 160 (lowest entry) to 800 (top of 簡任 senior appointment). This page shows the full 俸點 → 月支數額 mapping published by DGPA. 委任 (Elementary Appointment) covers 職等 1-5; 薦任 (Recommended) covers 6-9; 簡任 (Designated) covers 10-14.,610,558000,2026-05-15T04:02:41.793Z,https://www.dgpa.gov.tw/uploads/dgpa/files/202505/7927abfd-d520-43d5-913e-c616bf4a16e7.pdf
tw,Taiwan,TWD,BPT,俸點 (Pay Point) — Taiwan's unified pay scale. Each civil servant's rank (職等 grade × 級 step) maps to a 俸點 value from 160 (lowest entry) to 800 (top of 簡任 senior appointment). This page shows the full 俸點 → 月支數額 mapping published by DGPA. 委任 (Elementary Appointment) covers 職等 1-5; 薦任 (Recommended) covers 6-9; 簡任 (Designated) covers 10-14.,630,576360,2026-05-15T04:02:41.793Z,https://www.dgpa.gov.tw/uploads/dgpa/files/202505/7927abfd-d520-43d5-913e-c616bf4a16e7.pdf
tw,Taiwan,TWD,BPT,俸點 (Pay Point) — Taiwan's unified pay scale. Each civil servant's rank (職等 grade × 級 step) maps to a 俸點 value from 160 (lowest entry) to 800 (top of 簡任 senior appointment). This page shows the full 俸點 → 月支數額 mapping published by DGPA. 委任 (Elementary Appointment) covers 職等 1-5; 薦任 (Recommended) covers 6-9; 簡任 (Designated) covers 10-14.,650,594720,2026-05-15T04:02:41.793Z,https://www.dgpa.gov.tw/uploads/dgpa/files/202505/7927abfd-d520-43d5-913e-c616bf4a16e7.pdf
tw,Taiwan,TWD,BPT,俸點 (Pay Point) — Taiwan's unified pay scale. Each civil servant's rank (職等 grade × 級 step) maps to a 俸點 value from 160 (lowest entry) to 800 (top of 簡任 senior appointment). This page shows the full 俸點 → 月支數額 mapping published by DGPA. 委任 (Elementary Appointment) covers 職等 1-5; 薦任 (Recommended) covers 6-9; 簡任 (Designated) covers 10-14.,670,613200,2026-05-15T04:02:41.793Z,https://www.dgpa.gov.tw/uploads/dgpa/files/202505/7927abfd-d520-43d5-913e-c616bf4a16e7.pdf
tw,Taiwan,TWD,BPT,俸點 (Pay Point) — Taiwan's unified pay scale. Each civil servant's rank (職等 grade × 級 step) maps to a 俸點 value from 160 (lowest entry) to 800 (top of 簡任 senior appointment). This page shows the full 俸點 → 月支數額 mapping published by DGPA. 委任 (Elementary Appointment) covers 職等 1-5; 薦任 (Recommended) covers 6-9; 簡任 (Designated) covers 10-14.,690,631560,2026-05-15T04:02:41.793Z,https://www.dgpa.gov.tw/uploads/dgpa/files/202505/7927abfd-d520-43d5-913e-c616bf4a16e7.pdf
tw,Taiwan,TWD,BPT,俸點 (Pay Point) — Taiwan's unified pay scale. Each civil servant's rank (職等 grade × 級 step) maps to a 俸點 value from 160 (lowest entry) to 800 (top of 簡任 senior appointment). This page shows the full 俸點 → 月支數額 mapping published by DGPA. 委任 (Elementary Appointment) covers 職等 1-5; 薦任 (Recommended) covers 6-9; 簡任 (Designated) covers 10-14.,710,649920,2026-05-15T04:02:41.793Z,https://www.dgpa.gov.tw/uploads/dgpa/files/202505/7927abfd-d520-43d5-913e-c616bf4a16e7.pdf
tw,Taiwan,TWD,BPT,俸點 (Pay Point) — Taiwan's unified pay scale. Each civil servant's rank (職等 grade × 級 step) maps to a 俸點 value from 160 (lowest entry) to 800 (top of 簡任 senior appointment). This page shows the full 俸點 → 月支數額 mapping published by DGPA. 委任 (Elementary Appointment) covers 職等 1-5; 薦任 (Recommended) covers 6-9; 簡任 (Designated) covers 10-14.,730,668280,2026-05-15T04:02:41.793Z,https://www.dgpa.gov.tw/uploads/dgpa/files/202505/7927abfd-d520-43d5-913e-c616bf4a16e7.pdf
tw,Taiwan,TWD,BPT,俸點 (Pay Point) — Taiwan's unified pay scale. Each civil servant's rank (職等 grade × 級 step) maps to a 俸點 value from 160 (lowest entry) to 800 (top of 簡任 senior appointment). This page shows the full 俸點 → 月支數額 mapping published by DGPA. 委任 (Elementary Appointment) covers 職等 1-5; 薦任 (Recommended) covers 6-9; 簡任 (Designated) covers 10-14.,750,686640,2026-05-15T04:02:41.793Z,https://www.dgpa.gov.tw/uploads/dgpa/files/202505/7927abfd-d520-43d5-913e-c616bf4a16e7.pdf
tw,Taiwan,TWD,BPT,俸點 (Pay Point) — Taiwan's unified pay scale. Each civil servant's rank (職等 grade × 級 step) maps to a 俸點 value from 160 (lowest entry) to 800 (top of 簡任 senior appointment). This page shows the full 俸點 → 月支數額 mapping published by DGPA. 委任 (Elementary Appointment) covers 職等 1-5; 薦任 (Recommended) covers 6-9; 簡任 (Designated) covers 10-14.,780,714240,2026-05-15T04:02:41.793Z,https://www.dgpa.gov.tw/uploads/dgpa/files/202505/7927abfd-d520-43d5-913e-c616bf4a16e7.pdf
tw,Taiwan,TWD,BPT,俸點 (Pay Point) — Taiwan's unified pay scale. Each civil servant's rank (職等 grade × 級 step) maps to a 俸點 value from 160 (lowest entry) to 800 (top of 簡任 senior appointment). This page shows the full 俸點 → 月支數額 mapping published by DGPA. 委任 (Elementary Appointment) covers 職等 1-5; 薦任 (Recommended) covers 6-9; 簡任 (Designated) covers 10-14.,790,723480,2026-05-15T04:02:41.793Z,https://www.dgpa.gov.tw/uploads/dgpa/files/202505/7927abfd-d520-43d5-913e-c616bf4a16e7.pdf
tw,Taiwan,TWD,BPT,俸點 (Pay Point) — Taiwan's unified pay scale. Each civil servant's rank (職等 grade × 級 step) maps to a 俸點 value from 160 (lowest entry) to 800 (top of 簡任 senior appointment). This page shows the full 俸點 → 月支數額 mapping published by DGPA. 委任 (Elementary Appointment) covers 職等 1-5; 薦任 (Recommended) covers 6-9; 簡任 (Designated) covers 10-14.,800,762840,2026-05-15T04:02:41.793Z,https://www.dgpa.gov.tw/uploads/dgpa/files/202505/7927abfd-d520-43d5-913e-c616bf4a16e7.pdf
tw,Taiwan,TWD,EDU,"教育人員薪額 (Education Personnel Pay) — parallel pay scale for public-school teachers, professors, and administrators under 教師待遇條例. Uses 薪額 points (90 to 770) rather than 俸點; monthly amounts match the civil-service 俸額 scale at equivalent levels.",1,208680,2026-05-15T04:02:50.497Z,https://www.dgpa.gov.tw/information?uid=108&pid=12407
tw,Taiwan,TWD,EDU,"教育人員薪額 (Education Personnel Pay) — parallel pay scale for public-school teachers, professors, and administrators under 教師待遇條例. Uses 薪額 points (90 to 770) rather than 俸點; monthly amounts match the civil-service 俸額 scale at equivalent levels.",2,217920,2026-05-15T04:02:50.497Z,https://www.dgpa.gov.tw/information?uid=108&pid=12407
tw,Taiwan,TWD,EDU,"教育人員薪額 (Education Personnel Pay) — parallel pay scale for public-school teachers, professors, and administrators under 教師待遇條例. Uses 薪額 points (90 to 770) rather than 俸點; monthly amounts match the civil-service 俸額 scale at equivalent levels.",3,227040,2026-05-15T04:02:50.497Z,https://www.dgpa.gov.tw/information?uid=108&pid=12407
tw,Taiwan,TWD,EDU,"教育人員薪額 (Education Personnel Pay) — parallel pay scale for public-school teachers, professors, and administrators under 教師待遇條例. Uses 薪額 points (90 to 770) rather than 俸點; monthly amounts match the civil-service 俸額 scale at equivalent levels.",4,236280,2026-05-15T04:02:50.497Z,https://www.dgpa.gov.tw/information?uid=108&pid=12407
tw,Taiwan,TWD,EDU,"教育人員薪額 (Education Personnel Pay) — parallel pay scale for public-school teachers, professors, and administrators under 教師待遇條例. Uses 薪額 points (90 to 770) rather than 俸點; monthly amounts match the civil-service 俸額 scale at equivalent levels.",5,245520,2026-05-15T04:02:50.497Z,https://www.dgpa.gov.tw/information?uid=108&pid=12407
tw,Taiwan,TWD,EDU,"教育人員薪額 (Education Personnel Pay) — parallel pay scale for public-school teachers, professors, and administrators under 教師待遇條例. Uses 薪額 points (90 to 770) rather than 俸點; monthly amounts match the civil-service 俸額 scale at equivalent levels.",6,254640,2026-05-15T04:02:50.497Z,https://www.dgpa.gov.tw/information?uid=108&pid=12407
tw,Taiwan,TWD,EDU,"教育人員薪額 (Education Personnel Pay) — parallel pay scale for public-school teachers, professors, and administrators under 教師待遇條例. Uses 薪額 points (90 to 770) rather than 俸點; monthly amounts match the civil-service 俸額 scale at equivalent levels.",7,263880,2026-05-15T04:02:50.497Z,https://www.dgpa.gov.tw/information?uid=108&pid=12407
tw,Taiwan,TWD,EDU,"教育人員薪額 (Education Personnel Pay) — parallel pay scale for public-school teachers, professors, and administrators under 教師待遇條例. Uses 薪額 points (90 to 770) rather than 俸點; monthly amounts match the civil-service 俸額 scale at equivalent levels.",8,273000,2026-05-15T04:02:50.497Z,https://www.dgpa.gov.tw/information?uid=108&pid=12407
tw,Taiwan,TWD,EDU,"教育人員薪額 (Education Personnel Pay) — parallel pay scale for public-school teachers, professors, and administrators under 教師待遇條例. Uses 薪額 points (90 to 770) rather than 俸點; monthly amounts match the civil-service 俸額 scale at equivalent levels.",9,282240,2026-05-15T04:02:50.497Z,https://www.dgpa.gov.tw/information?uid=108&pid=12407
tw,Taiwan,TWD,EDU,"教育人員薪額 (Education Personnel Pay) — parallel pay scale for public-school teachers, professors, and administrators under 教師待遇條例. Uses 薪額 points (90 to 770) rather than 俸點; monthly amounts match the civil-service 俸額 scale at equivalent levels.",10,291480,2026-05-15T04:02:50.497Z,https://www.dgpa.gov.tw/information?uid=108&pid=12407
tw,Taiwan,TWD,EDU,"教育人員薪額 (Education Personnel Pay) — parallel pay scale for public-school teachers, professors, and administrators under 教師待遇條例. Uses 薪額 points (90 to 770) rather than 俸點; monthly amounts match the civil-service 俸額 scale at equivalent levels.",11,300600,2026-05-15T04:02:50.497Z,https://www.dgpa.gov.tw/information?uid=108&pid=12407
tw,Taiwan,TWD,EDU,"教育人員薪額 (Education Personnel Pay) — parallel pay scale for public-school teachers, professors, and administrators under 教師待遇條例. Uses 薪額 points (90 to 770) rather than 俸點; monthly amounts match the civil-service 俸額 scale at equivalent levels.",12,309840,2026-05-15T04:02:50.497Z,https://www.dgpa.gov.tw/information?uid=108&pid=12407
tw,Taiwan,TWD,EDU,"教育人員薪額 (Education Personnel Pay) — parallel pay scale for public-school teachers, professors, and administrators under 教師待遇條例. Uses 薪額 points (90 to 770) rather than 俸點; monthly amounts match the civil-service 俸額 scale at equivalent levels.",13,318960,2026-05-15T04:02:50.497Z,https://www.dgpa.gov.tw/information?uid=108&pid=12407
tw,Taiwan,TWD,EDU,"教育人員薪額 (Education Personnel Pay) — parallel pay scale for public-school teachers, professors, and administrators under 教師待遇條例. Uses 薪額 points (90 to 770) rather than 俸點; monthly amounts match the civil-service 俸額 scale at equivalent levels.",14,328200,2026-05-15T04:02:50.497Z,https://www.dgpa.gov.tw/information?uid=108&pid=12407
tw,Taiwan,TWD,EDU,"教育人員薪額 (Education Personnel Pay) — parallel pay scale for public-school teachers, professors, and administrators under 教師待遇條例. Uses 薪額 points (90 to 770) rather than 俸點; monthly amounts match the civil-service 俸額 scale at equivalent levels.",15,337440,2026-05-15T04:02:50.497Z,https://www.dgpa.gov.tw/information?uid=108&pid=12407
tw,Taiwan,TWD,EDU,"教育人員薪額 (Education Personnel Pay) — parallel pay scale for public-school teachers, professors, and administrators under 教師待遇條例. Uses 薪額 points (90 to 770) rather than 俸點; monthly amounts match the civil-service 俸額 scale at equivalent levels.",16,351240,2026-05-15T04:02:50.497Z,https://www.dgpa.gov.tw/information?uid=108&pid=12407
tw,Taiwan,TWD,EDU,"教育人員薪額 (Education Personnel Pay) — parallel pay scale for public-school teachers, professors, and administrators under 教師待遇條例. Uses 薪額 points (90 to 770) rather than 俸點; monthly amounts match the civil-service 俸額 scale at equivalent levels.",17,364920,2026-05-15T04:02:50.497Z,https://www.dgpa.gov.tw/information?uid=108&pid=12407
tw,Taiwan,TWD,EDU,"教育人員薪額 (Education Personnel Pay) — parallel pay scale for public-school teachers, professors, and administrators under 教師待遇條例. Uses 薪額 points (90 to 770) rather than 俸點; monthly amounts match the civil-service 俸額 scale at equivalent levels.",18,378720,2026-05-15T04:02:50.497Z,https://www.dgpa.gov.tw/information?uid=108&pid=12407
tw,Taiwan,TWD,EDU,"教育人員薪額 (Education Personnel Pay) — parallel pay scale for public-school teachers, professors, and administrators under 教師待遇條例. Uses 薪額 points (90 to 770) rather than 俸點; monthly amounts match the civil-service 俸額 scale at equivalent levels.",19,392520,2026-05-15T04:02:50.497Z,https://www.dgpa.gov.tw/information?uid=108&pid=12407
tw,Taiwan,TWD,EDU,"教育人員薪額 (Education Personnel Pay) — parallel pay scale for public-school teachers, professors, and administrators under 教師待遇條例. Uses 薪額 points (90 to 770) rather than 俸點; monthly amounts match the civil-service 俸額 scale at equivalent levels.",20,406320,2026-05-15T04:02:50.497Z,https://www.dgpa.gov.tw/information?uid=108&pid=12407
tw,Taiwan,TWD,EDU,"教育人員薪額 (Education Personnel Pay) — parallel pay scale for public-school teachers, professors, and administrators under 教師待遇條例. Uses 薪額 points (90 to 770) rather than 俸點; monthly amounts match the civil-service 俸額 scale at equivalent levels.",21,420120,2026-05-15T04:02:50.497Z,https://www.dgpa.gov.tw/information?uid=108&pid=12407
tw,Taiwan,TWD,EDU,"教育人員薪額 (Education Personnel Pay) — parallel pay scale for public-school teachers, professors, and administrators under 教師待遇條例. Uses 薪額 points (90 to 770) rather than 俸點; monthly amounts match the civil-service 俸額 scale at equivalent levels.",22,433920,2026-05-15T04:02:50.497Z,https://www.dgpa.gov.tw/information?uid=108&pid=12407
tw,Taiwan,TWD,EDU,"教育人員薪額 (Education Personnel Pay) — parallel pay scale for public-school teachers, professors, and administrators under 教師待遇條例. Uses 薪額 points (90 to 770) rather than 俸點; monthly amounts match the civil-service 俸額 scale at equivalent levels.",23,447720,2026-05-15T04:02:50.497Z,https://www.dgpa.gov.tw/information?uid=108&pid=12407
tw,Taiwan,TWD,EDU,"教育人員薪額 (Education Personnel Pay) — parallel pay scale for public-school teachers, professors, and administrators under 教師待遇條例. Uses 薪額 points (90 to 770) rather than 俸點; monthly amounts match the civil-service 俸額 scale at equivalent levels.",24,461520,2026-05-15T04:02:50.497Z,https://www.dgpa.gov.tw/information?uid=108&pid=12407
tw,Taiwan,TWD,EDU,"教育人員薪額 (Education Personnel Pay) — parallel pay scale for public-school teachers, professors, and administrators under 教師待遇條例. Uses 薪額 points (90 to 770) rather than 俸點; monthly amounts match the civil-service 俸額 scale at equivalent levels.",25,475320,2026-05-15T04:02:50.497Z,https://www.dgpa.gov.tw/information?uid=108&pid=12407
tw,Taiwan,TWD,EDU,"教育人員薪額 (Education Personnel Pay) — parallel pay scale for public-school teachers, professors, and administrators under 教師待遇條例. Uses 薪額 points (90 to 770) rather than 俸點; monthly amounts match the civil-service 俸額 scale at equivalent levels.",26,489120,2026-05-15T04:02:50.497Z,https://www.dgpa.gov.tw/information?uid=108&pid=12407
tw,Taiwan,TWD,EDU,"教育人員薪額 (Education Personnel Pay) — parallel pay scale for public-school teachers, professors, and administrators under 教師待遇條例. Uses 薪額 points (90 to 770) rather than 俸點; monthly amounts match the civil-service 俸額 scale at equivalent levels.",27,502800,2026-05-15T04:02:50.497Z,https://www.dgpa.gov.tw/information?uid=108&pid=12407
tw,Taiwan,TWD,EDU,"教育人員薪額 (Education Personnel Pay) — parallel pay scale for public-school teachers, professors, and administrators under 教師待遇條例. Uses 薪額 points (90 to 770) rather than 俸點; monthly amounts match the civil-service 俸額 scale at equivalent levels.",28,539640,2026-05-15T04:02:50.497Z,https://www.dgpa.gov.tw/information?uid=108&pid=12407
tw,Taiwan,TWD,EDU,"教育人員薪額 (Education Personnel Pay) — parallel pay scale for public-school teachers, professors, and administrators under 教師待遇條例. Uses 薪額 points (90 to 770) rather than 俸點; monthly amounts match the civil-service 俸額 scale at equivalent levels.",29,558000,2026-05-15T04:02:50.497Z,https://www.dgpa.gov.tw/information?uid=108&pid=12407
tw,Taiwan,TWD,EDU,"教育人員薪額 (Education Personnel Pay) — parallel pay scale for public-school teachers, professors, and administrators under 教師待遇條例. Uses 薪額 points (90 to 770) rather than 俸點; monthly amounts match the civil-service 俸額 scale at equivalent levels.",30,576360,2026-05-15T04:02:50.497Z,https://www.dgpa.gov.tw/information?uid=108&pid=12407
tw,Taiwan,TWD,EDU,"教育人員薪額 (Education Personnel Pay) — parallel pay scale for public-school teachers, professors, and administrators under 教師待遇條例. Uses 薪額 points (90 to 770) rather than 俸點; monthly amounts match the civil-service 俸額 scale at equivalent levels.",31,594720,2026-05-15T04:02:50.497Z,https://www.dgpa.gov.tw/information?uid=108&pid=12407
tw,Taiwan,TWD,EDU,"教育人員薪額 (Education Personnel Pay) — parallel pay scale for public-school teachers, professors, and administrators under 教師待遇條例. Uses 薪額 points (90 to 770) rather than 俸點; monthly amounts match the civil-service 俸額 scale at equivalent levels.",32,613200,2026-05-15T04:02:50.497Z,https://www.dgpa.gov.tw/information?uid=108&pid=12407
tw,Taiwan,TWD,EDU,"教育人員薪額 (Education Personnel Pay) — parallel pay scale for public-school teachers, professors, and administrators under 教師待遇條例. Uses 薪額 points (90 to 770) rather than 俸點; monthly amounts match the civil-service 俸額 scale at equivalent levels.",33,631560,2026-05-15T04:02:50.497Z,https://www.dgpa.gov.tw/information?uid=108&pid=12407
tw,Taiwan,TWD,EDU,"教育人員薪額 (Education Personnel Pay) — parallel pay scale for public-school teachers, professors, and administrators under 教師待遇條例. Uses 薪額 points (90 to 770) rather than 俸點; monthly amounts match the civil-service 俸額 scale at equivalent levels.",34,649920,2026-05-15T04:02:50.497Z,https://www.dgpa.gov.tw/information?uid=108&pid=12407
tw,Taiwan,TWD,EDU,"教育人員薪額 (Education Personnel Pay) — parallel pay scale for public-school teachers, professors, and administrators under 教師待遇條例. Uses 薪額 points (90 to 770) rather than 俸點; monthly amounts match the civil-service 俸額 scale at equivalent levels.",35,668280,2026-05-15T04:02:50.497Z,https://www.dgpa.gov.tw/information?uid=108&pid=12407
tw,Taiwan,TWD,EDU,"教育人員薪額 (Education Personnel Pay) — parallel pay scale for public-school teachers, professors, and administrators under 教師待遇條例. Uses 薪額 points (90 to 770) rather than 俸點; monthly amounts match the civil-service 俸額 scale at equivalent levels.",36,686640,2026-05-15T04:02:50.497Z,https://www.dgpa.gov.tw/information?uid=108&pid=12407
tw,Taiwan,TWD,EDU,"教育人員薪額 (Education Personnel Pay) — parallel pay scale for public-school teachers, professors, and administrators under 教師待遇條例. Uses 薪額 points (90 to 770) rather than 俸點; monthly amounts match the civil-service 俸額 scale at equivalent levels.",37,714240,2026-05-15T04:02:50.497Z,https://www.dgpa.gov.tw/information?uid=108&pid=12407
tw,Taiwan,TWD,EDU,"教育人員薪額 (Education Personnel Pay) — parallel pay scale for public-school teachers, professors, and administrators under 教師待遇條例. Uses 薪額 points (90 to 770) rather than 俸點; monthly amounts match the civil-service 俸額 scale at equivalent levels.",38,723480,2026-05-15T04:02:50.497Z,https://www.dgpa.gov.tw/information?uid=108&pid=12407
tw,Taiwan,TWD,EDU,"教育人員薪額 (Education Personnel Pay) — parallel pay scale for public-school teachers, professors, and administrators under 教師待遇條例. Uses 薪額 points (90 to 770) rather than 俸點; monthly amounts match the civil-service 俸額 scale at equivalent levels.",39,762840,2026-05-15T04:02:50.497Z,https://www.dgpa.gov.tw/information?uid=108&pid=12407
tw,Taiwan,TWD,EMP,雇員薪額 — non-career employees with 薪點 (pay points) 140-310 across 本薪 and 年功薪 stages. Appointed per 雇員管理規則 without 職等.,1,144840,2026-05-15T04:02:48.837Z,https://www.dgpa.gov.tw/information?uid=108&pid=12407
tw,Taiwan,TWD,EMP,雇員薪額 — non-career employees with 薪點 (pay points) 140-310 across 本薪 and 年功薪 stages. Appointed per 雇員管理規則 without 職等.,2,150000,2026-05-15T04:02:48.837Z,https://www.dgpa.gov.tw/information?uid=108&pid=12407
tw,Taiwan,TWD,EMP,雇員薪額 — non-career employees with 薪點 (pay points) 140-310 across 本薪 and 年功薪 stages. Appointed per 雇員管理規則 without 職等.,3,155160,2026-05-15T04:02:48.837Z,https://www.dgpa.gov.tw/information?uid=108&pid=12407
tw,Taiwan,TWD,EMP,雇員薪額 — non-career employees with 薪點 (pay points) 140-310 across 本薪 and 年功薪 stages. Appointed per 雇員管理規則 without 職等.,4,160440,2026-05-15T04:02:48.837Z,https://www.dgpa.gov.tw/information?uid=108&pid=12407
tw,Taiwan,TWD,EMP,雇員薪額 — non-career employees with 薪點 (pay points) 140-310 across 本薪 and 年功薪 stages. Appointed per 雇員管理規則 without 職等.,5,160560,2026-05-15T04:02:48.837Z,https://www.dgpa.gov.tw/information?uid=108&pid=12407
tw,Taiwan,TWD,EMP,雇員薪額 — non-career employees with 薪點 (pay points) 140-310 across 本薪 and 年功薪 stages. Appointed per 雇員管理規則 without 職等.,6,167040,2026-05-15T04:02:48.837Z,https://www.dgpa.gov.tw/information?uid=108&pid=12407
tw,Taiwan,TWD,EMP,雇員薪額 — non-career employees with 薪點 (pay points) 140-310 across 本薪 and 年功薪 stages. Appointed per 雇員管理規則 without 職等.,7,173520,2026-05-15T04:02:48.837Z,https://www.dgpa.gov.tw/information?uid=108&pid=12407
tw,Taiwan,TWD,EMP,雇員薪額 — non-career employees with 薪點 (pay points) 140-310 across 本薪 and 年功薪 stages. Appointed per 雇員管理規則 without 職等.,8,180000,2026-05-15T04:02:48.837Z,https://www.dgpa.gov.tw/information?uid=108&pid=12407
tw,Taiwan,TWD,EMP,雇員薪額 — non-career employees with 薪點 (pay points) 140-310 across 本薪 and 年功薪 stages. Appointed per 雇員管理規則 without 職等.,9,186480,2026-05-15T04:02:48.837Z,https://www.dgpa.gov.tw/information?uid=108&pid=12407
tw,Taiwan,TWD,EMP,雇員薪額 — non-career employees with 薪點 (pay points) 140-310 across 本薪 and 年功薪 stages. Appointed per 雇員管理規則 without 職等.,10,193080,2026-05-15T04:02:48.837Z,https://www.dgpa.gov.tw/information?uid=108&pid=12407
tw,Taiwan,TWD,EMP,雇員薪額 — non-career employees with 薪點 (pay points) 140-310 across 本薪 and 年功薪 stages. Appointed per 雇員管理規則 without 職等.,11,199560,2026-05-15T04:02:48.837Z,https://www.dgpa.gov.tw/information?uid=108&pid=12407
tw,Taiwan,TWD,EMP,雇員薪額 — non-career employees with 薪點 (pay points) 140-310 across 本薪 and 年功薪 stages. Appointed per 雇員管理規則 without 職等.,12,208680,2026-05-15T04:02:48.837Z,https://www.dgpa.gov.tw/information?uid=108&pid=12407
tw,Taiwan,TWD,EMP,雇員薪額 — non-career employees with 薪點 (pay points) 140-310 across 本薪 and 年功薪 stages. Appointed per 雇員管理規則 without 職等.,13,217920,2026-05-15T04:02:48.837Z,https://www.dgpa.gov.tw/information?uid=108&pid=12407
tw,Taiwan,TWD,EMP,雇員薪額 — non-career employees with 薪點 (pay points) 140-310 across 本薪 and 年功薪 stages. Appointed per 雇員管理規則 without 職等.,14,227040,2026-05-15T04:02:48.837Z,https://www.dgpa.gov.tw/information?uid=108&pid=12407
tw,Taiwan,TWD,EMP,雇員薪額 — non-career employees with 薪點 (pay points) 140-310 across 本薪 and 年功薪 stages. Appointed per 雇員管理規則 without 職等.,15,236280,2026-05-15T04:02:48.837Z,https://www.dgpa.gov.tw/information?uid=108&pid=12407
tw,Taiwan,TWD,EMP,雇員薪額 — non-career employees with 薪點 (pay points) 140-310 across 本薪 and 年功薪 stages. Appointed per 雇員管理規則 without 職等.,16,245520,2026-05-15T04:02:48.837Z,https://www.dgpa.gov.tw/information?uid=108&pid=12407
tw,Taiwan,TWD,EMP,雇員薪額 — non-career employees with 薪點 (pay points) 140-310 across 本薪 and 年功薪 stages. Appointed per 雇員管理規則 without 職等.,17,254640,2026-05-15T04:02:48.837Z,https://www.dgpa.gov.tw/information?uid=108&pid=12407
tw,Taiwan,TWD,EMP,雇員薪額 — non-career employees with 薪點 (pay points) 140-310 across 本薪 and 年功薪 stages. Appointed per 雇員管理規則 without 職等.,18,263880,2026-05-15T04:02:48.837Z,https://www.dgpa.gov.tw/information?uid=108&pid=12407
tw,Taiwan,TWD,EMP,雇員薪額 — non-career employees with 薪點 (pay points) 140-310 across 本薪 and 年功薪 stages. Appointed per 雇員管理規則 without 職等.,19,273000,2026-05-15T04:02:48.837Z,https://www.dgpa.gov.tw/information?uid=108&pid=12407
tw,Taiwan,TWD,EMP,雇員薪額 — non-career employees with 薪點 (pay points) 140-310 across 本薪 and 年功薪 stages. Appointed per 雇員管理規則 without 職等.,20,282240,2026-05-15T04:02:48.837Z,https://www.dgpa.gov.tw/information?uid=108&pid=12407
tw,Taiwan,TWD,MGMT,主管職務加給 (Management supplement) — paid monthly on top of base 俸額 for civil servants in supervisory roles. Amount depends on 職等 (grade 5-14) under DGPA 附表5. Only managers receive this; non-supervisory staff do not.,5,51840,2026-05-15T04:02:50.497Z,https://www.dgpa.gov.tw/information?uid=108&pid=12407
tw,Taiwan,TWD,MGMT,主管職務加給 (Management supplement) — paid monthly on top of base 俸額 for civil servants in supervisory roles. Amount depends on 職等 (grade 5-14) under DGPA 附表5. Only managers receive this; non-supervisory staff do not.,6,58440,2026-05-15T04:02:50.497Z,https://www.dgpa.gov.tw/information?uid=108&pid=12407
tw,Taiwan,TWD,MGMT,主管職務加給 (Management supplement) — paid monthly on top of base 俸額 for civil servants in supervisory roles. Amount depends on 職等 (grade 5-14) under DGPA 附表5. Only managers receive this; non-supervisory staff do not.,7,71160,2026-05-15T04:02:50.497Z,https://www.dgpa.gov.tw/information?uid=108&pid=12407
tw,Taiwan,TWD,MGMT,主管職務加給 (Management supplement) — paid monthly on top of base 俸額 for civil servants in supervisory roles. Amount depends on 職等 (grade 5-14) under DGPA 附表5. Only managers receive this; non-supervisory staff do not.,8,93000,2026-05-15T04:02:50.497Z,https://www.dgpa.gov.tw/information?uid=108&pid=12407
tw,Taiwan,TWD,MGMT,主管職務加給 (Management supplement) — paid monthly on top of base 俸額 for civil servants in supervisory roles. Amount depends on 職等 (grade 5-14) under DGPA 附表5. Only managers receive this; non-supervisory staff do not.,9,120120,2026-05-15T04:02:50.497Z,https://www.dgpa.gov.tw/information?uid=108&pid=12407
tw,Taiwan,TWD,MGMT,主管職務加給 (Management supplement) — paid monthly on top of base 俸額 for civil servants in supervisory roles. Amount depends on 職等 (grade 5-14) under DGPA 附表5. Only managers receive this; non-supervisory staff do not.,10,162120,2026-05-15T04:02:50.497Z,https://www.dgpa.gov.tw/information?uid=108&pid=12407
tw,Taiwan,TWD,MGMT,主管職務加給 (Management supplement) — paid monthly on top of base 俸額 for civil servants in supervisory roles. Amount depends on 職等 (grade 5-14) under DGPA 附表5. Only managers receive this; non-supervisory staff do not.,11,236520,2026-05-15T04:02:50.497Z,https://www.dgpa.gov.tw/information?uid=108&pid=12407
tw,Taiwan,TWD,MGMT,主管職務加給 (Management supplement) — paid monthly on top of base 俸額 for civil servants in supervisory roles. Amount depends on 職等 (grade 5-14) under DGPA 附表5. Only managers receive this; non-supervisory staff do not.,12,364920,2026-05-15T04:02:50.497Z,https://www.dgpa.gov.tw/information?uid=108&pid=12407
tw,Taiwan,TWD,MGMT,主管職務加給 (Management supplement) — paid monthly on top of base 俸額 for civil servants in supervisory roles. Amount depends on 職等 (grade 5-14) under DGPA 附表5. Only managers receive this; non-supervisory staff do not.,13,404760,2026-05-15T04:02:50.497Z,https://www.dgpa.gov.tw/information?uid=108&pid=12407
tw,Taiwan,TWD,MGMT,主管職務加給 (Management supplement) — paid monthly on top of base 俸額 for civil servants in supervisory roles. Amount depends on 職等 (grade 5-14) under DGPA 附表5. Only managers receive this; non-supervisory staff do not.,14,499560,2026-05-15T04:02:50.497Z,https://www.dgpa.gov.tw/information?uid=108&pid=12407
tw,Taiwan,TWD,POL-MIN,政務人員 — Cabinet Minister (部長 / 相當職務). Head of a ministry.,1,2628480,2026-05-15T04:02:48.837Z,https://www.dgpa.gov.tw/information?uid=108&pid=12407
tw,Taiwan,TWD,POL-YP,政務人員 — President of the Five-Yuan Government (四院院長). Highest political role: President of Executive/Judicial/Examination/Control Yuan.,1,4463040,2026-05-15T04:02:48.837Z,https://www.dgpa.gov.tw/information?uid=108&pid=12407
tw,Taiwan,TWD,POL-YVP,政務人員 — Vice President of the Five-Yuan Government (四院副院長).,1,2957040,2026-05-15T04:02:48.837Z,https://www.dgpa.gov.tw/information?uid=108&pid=12407
tw,Taiwan,TWD,POLICE,教育警察俸點 (Education & Police pay-points) — police officers and education personnel use a parallel 俸點 numbering on the same 公務人員俸額表 (column 2). Monthly amounts are identical to the civil-service 俸點 scale at the same row.,90,208680,2026-05-15T04:02:41.793Z,https://www.dgpa.gov.tw/uploads/dgpa/files/202505/7927abfd-d520-43d5-913e-c616bf4a16e7.pdf
tw,Taiwan,TWD,POLICE,教育警察俸點 (Education & Police pay-points) — police officers and education personnel use a parallel 俸點 numbering on the same 公務人員俸額表 (column 2). Monthly amounts are identical to the civil-service 俸點 scale at the same row.,100,217920,2026-05-15T04:02:41.793Z,https://www.dgpa.gov.tw/uploads/dgpa/files/202505/7927abfd-d520-43d5-913e-c616bf4a16e7.pdf
tw,Taiwan,TWD,POLICE,教育警察俸點 (Education & Police pay-points) — police officers and education personnel use a parallel 俸點 numbering on the same 公務人員俸額表 (column 2). Monthly amounts are identical to the civil-service 俸點 scale at the same row.,110,227040,2026-05-15T04:02:41.793Z,https://www.dgpa.gov.tw/uploads/dgpa/files/202505/7927abfd-d520-43d5-913e-c616bf4a16e7.pdf
tw,Taiwan,TWD,POLICE,教育警察俸點 (Education & Police pay-points) — police officers and education personnel use a parallel 俸點 numbering on the same 公務人員俸額表 (column 2). Monthly amounts are identical to the civil-service 俸點 scale at the same row.,120,236280,2026-05-15T04:02:41.793Z,https://www.dgpa.gov.tw/uploads/dgpa/files/202505/7927abfd-d520-43d5-913e-c616bf4a16e7.pdf
tw,Taiwan,TWD,POLICE,教育警察俸點 (Education & Police pay-points) — police officers and education personnel use a parallel 俸點 numbering on the same 公務人員俸額表 (column 2). Monthly amounts are identical to the civil-service 俸點 scale at the same row.,130,245520,2026-05-15T04:02:41.793Z,https://www.dgpa.gov.tw/uploads/dgpa/files/202505/7927abfd-d520-43d5-913e-c616bf4a16e7.pdf
tw,Taiwan,TWD,POLICE,教育警察俸點 (Education & Police pay-points) — police officers and education personnel use a parallel 俸點 numbering on the same 公務人員俸額表 (column 2). Monthly amounts are identical to the civil-service 俸點 scale at the same row.,140,254640,2026-05-15T04:02:41.793Z,https://www.dgpa.gov.tw/uploads/dgpa/files/202505/7927abfd-d520-43d5-913e-c616bf4a16e7.pdf
tw,Taiwan,TWD,POLICE,教育警察俸點 (Education & Police pay-points) — police officers and education personnel use a parallel 俸點 numbering on the same 公務人員俸額表 (column 2). Monthly amounts are identical to the civil-service 俸點 scale at the same row.,150,263880,2026-05-15T04:02:41.793Z,https://www.dgpa.gov.tw/uploads/dgpa/files/202505/7927abfd-d520-43d5-913e-c616bf4a16e7.pdf
tw,Taiwan,TWD,POLICE,教育警察俸點 (Education & Police pay-points) — police officers and education personnel use a parallel 俸點 numbering on the same 公務人員俸額表 (column 2). Monthly amounts are identical to the civil-service 俸點 scale at the same row.,160,273000,2026-05-15T04:02:41.793Z,https://www.dgpa.gov.tw/uploads/dgpa/files/202505/7927abfd-d520-43d5-913e-c616bf4a16e7.pdf
tw,Taiwan,TWD,POLICE,教育警察俸點 (Education & Police pay-points) — police officers and education personnel use a parallel 俸點 numbering on the same 公務人員俸額表 (column 2). Monthly amounts are identical to the civil-service 俸點 scale at the same row.,170,282240,2026-05-15T04:02:41.793Z,https://www.dgpa.gov.tw/uploads/dgpa/files/202505/7927abfd-d520-43d5-913e-c616bf4a16e7.pdf
tw,Taiwan,TWD,POLICE,教育警察俸點 (Education & Police pay-points) — police officers and education personnel use a parallel 俸點 numbering on the same 公務人員俸額表 (column 2). Monthly amounts are identical to the civil-service 俸點 scale at the same row.,180,291480,2026-05-15T04:02:41.793Z,https://www.dgpa.gov.tw/uploads/dgpa/files/202505/7927abfd-d520-43d5-913e-c616bf4a16e7.pdf
tw,Taiwan,TWD,POLICE,教育警察俸點 (Education & Police pay-points) — police officers and education personnel use a parallel 俸點 numbering on the same 公務人員俸額表 (column 2). Monthly amounts are identical to the civil-service 俸點 scale at the same row.,190,300600,2026-05-15T04:02:41.793Z,https://www.dgpa.gov.tw/uploads/dgpa/files/202505/7927abfd-d520-43d5-913e-c616bf4a16e7.pdf
tw,Taiwan,TWD,POLICE,教育警察俸點 (Education & Police pay-points) — police officers and education personnel use a parallel 俸點 numbering on the same 公務人員俸額表 (column 2). Monthly amounts are identical to the civil-service 俸點 scale at the same row.,200,309840,2026-05-15T04:02:41.793Z,https://www.dgpa.gov.tw/uploads/dgpa/files/202505/7927abfd-d520-43d5-913e-c616bf4a16e7.pdf
tw,Taiwan,TWD,POLICE,教育警察俸點 (Education & Police pay-points) — police officers and education personnel use a parallel 俸點 numbering on the same 公務人員俸額表 (column 2). Monthly amounts are identical to the civil-service 俸點 scale at the same row.,210,318960,2026-05-15T04:02:41.793Z,https://www.dgpa.gov.tw/uploads/dgpa/files/202505/7927abfd-d520-43d5-913e-c616bf4a16e7.pdf
tw,Taiwan,TWD,POLICE,教育警察俸點 (Education & Police pay-points) — police officers and education personnel use a parallel 俸點 numbering on the same 公務人員俸額表 (column 2). Monthly amounts are identical to the civil-service 俸點 scale at the same row.,220,328200,2026-05-15T04:02:41.793Z,https://www.dgpa.gov.tw/uploads/dgpa/files/202505/7927abfd-d520-43d5-913e-c616bf4a16e7.pdf
tw,Taiwan,TWD,POLICE,教育警察俸點 (Education & Police pay-points) — police officers and education personnel use a parallel 俸點 numbering on the same 公務人員俸額表 (column 2). Monthly amounts are identical to the civil-service 俸點 scale at the same row.,230,337440,2026-05-15T04:02:41.793Z,https://www.dgpa.gov.tw/uploads/dgpa/files/202505/7927abfd-d520-43d5-913e-c616bf4a16e7.pdf
tw,Taiwan,TWD,POLICE,教育警察俸點 (Education & Police pay-points) — police officers and education personnel use a parallel 俸點 numbering on the same 公務人員俸額表 (column 2). Monthly amounts are identical to the civil-service 俸點 scale at the same row.,245,351240,2026-05-15T04:02:41.793Z,https://www.dgpa.gov.tw/uploads/dgpa/files/202505/7927abfd-d520-43d5-913e-c616bf4a16e7.pdf
tw,Taiwan,TWD,POLICE,教育警察俸點 (Education & Police pay-points) — police officers and education personnel use a parallel 俸點 numbering on the same 公務人員俸額表 (column 2). Monthly amounts are identical to the civil-service 俸點 scale at the same row.,260,364920,2026-05-15T04:02:41.793Z,https://www.dgpa.gov.tw/uploads/dgpa/files/202505/7927abfd-d520-43d5-913e-c616bf4a16e7.pdf
tw,Taiwan,TWD,POLICE,教育警察俸點 (Education & Police pay-points) — police officers and education personnel use a parallel 俸點 numbering on the same 公務人員俸額表 (column 2). Monthly amounts are identical to the civil-service 俸點 scale at the same row.,275,378720,2026-05-15T04:02:41.793Z,https://www.dgpa.gov.tw/uploads/dgpa/files/202505/7927abfd-d520-43d5-913e-c616bf4a16e7.pdf
tw,Taiwan,TWD,POLICE,教育警察俸點 (Education & Police pay-points) — police officers and education personnel use a parallel 俸點 numbering on the same 公務人員俸額表 (column 2). Monthly amounts are identical to the civil-service 俸點 scale at the same row.,290,392520,2026-05-15T04:02:41.793Z,https://www.dgpa.gov.tw/uploads/dgpa/files/202505/7927abfd-d520-43d5-913e-c616bf4a16e7.pdf
tw,Taiwan,TWD,POLICE,教育警察俸點 (Education & Police pay-points) — police officers and education personnel use a parallel 俸點 numbering on the same 公務人員俸額表 (column 2). Monthly amounts are identical to the civil-service 俸點 scale at the same row.,310,406320,2026-05-15T04:02:41.793Z,https://www.dgpa.gov.tw/uploads/dgpa/files/202505/7927abfd-d520-43d5-913e-c616bf4a16e7.pdf
tw,Taiwan,TWD,POLICE,教育警察俸點 (Education & Police pay-points) — police officers and education personnel use a parallel 俸點 numbering on the same 公務人員俸額表 (column 2). Monthly amounts are identical to the civil-service 俸點 scale at the same row.,330,420120,2026-05-15T04:02:41.793Z,https://www.dgpa.gov.tw/uploads/dgpa/files/202505/7927abfd-d520-43d5-913e-c616bf4a16e7.pdf
tw,Taiwan,TWD,POLICE,教育警察俸點 (Education & Police pay-points) — police officers and education personnel use a parallel 俸點 numbering on the same 公務人員俸額表 (column 2). Monthly amounts are identical to the civil-service 俸點 scale at the same row.,350,433920,2026-05-15T04:02:41.793Z,https://www.dgpa.gov.tw/uploads/dgpa/files/202505/7927abfd-d520-43d5-913e-c616bf4a16e7.pdf
tw,Taiwan,TWD,POLICE,教育警察俸點 (Education & Police pay-points) — police officers and education personnel use a parallel 俸點 numbering on the same 公務人員俸額表 (column 2). Monthly amounts are identical to the civil-service 俸點 scale at the same row.,370,447720,2026-05-15T04:02:41.793Z,https://www.dgpa.gov.tw/uploads/dgpa/files/202505/7927abfd-d520-43d5-913e-c616bf4a16e7.pdf
tw,Taiwan,TWD,POLICE,教育警察俸點 (Education & Police pay-points) — police officers and education personnel use a parallel 俸點 numbering on the same 公務人員俸額表 (column 2). Monthly amounts are identical to the civil-service 俸點 scale at the same row.,390,461520,2026-05-15T04:02:41.793Z,https://www.dgpa.gov.tw/uploads/dgpa/files/202505/7927abfd-d520-43d5-913e-c616bf4a16e7.pdf
tw,Taiwan,TWD,POLICE,教育警察俸點 (Education & Police pay-points) — police officers and education personnel use a parallel 俸點 numbering on the same 公務人員俸額表 (column 2). Monthly amounts are identical to the civil-service 俸點 scale at the same row.,410,475320,2026-05-15T04:02:41.793Z,https://www.dgpa.gov.tw/uploads/dgpa/files/202505/7927abfd-d520-43d5-913e-c616bf4a16e7.pdf
tw,Taiwan,TWD,POLICE,教育警察俸點 (Education & Police pay-points) — police officers and education personnel use a parallel 俸點 numbering on the same 公務人員俸額表 (column 2). Monthly amounts are identical to the civil-service 俸點 scale at the same row.,430,489120,2026-05-15T04:02:41.793Z,https://www.dgpa.gov.tw/uploads/dgpa/files/202505/7927abfd-d520-43d5-913e-c616bf4a16e7.pdf
tw,Taiwan,TWD,POLICE,教育警察俸點 (Education & Police pay-points) — police officers and education personnel use a parallel 俸點 numbering on the same 公務人員俸額表 (column 2). Monthly amounts are identical to the civil-service 俸點 scale at the same row.,450,502800,2026-05-15T04:02:41.793Z,https://www.dgpa.gov.tw/uploads/dgpa/files/202505/7927abfd-d520-43d5-913e-c616bf4a16e7.pdf
tw,Taiwan,TWD,POLICE,教育警察俸點 (Education & Police pay-points) — police officers and education personnel use a parallel 俸點 numbering on the same 公務人員俸額表 (column 2). Monthly amounts are identical to the civil-service 俸點 scale at the same row.,475,539640,2026-05-15T04:02:41.793Z,https://www.dgpa.gov.tw/uploads/dgpa/files/202505/7927abfd-d520-43d5-913e-c616bf4a16e7.pdf
tw,Taiwan,TWD,POLICE,教育警察俸點 (Education & Police pay-points) — police officers and education personnel use a parallel 俸點 numbering on the same 公務人員俸額表 (column 2). Monthly amounts are identical to the civil-service 俸點 scale at the same row.,500,558000,2026-05-15T04:02:41.793Z,https://www.dgpa.gov.tw/uploads/dgpa/files/202505/7927abfd-d520-43d5-913e-c616bf4a16e7.pdf
tw,Taiwan,TWD,POLICE,教育警察俸點 (Education & Police pay-points) — police officers and education personnel use a parallel 俸點 numbering on the same 公務人員俸額表 (column 2). Monthly amounts are identical to the civil-service 俸點 scale at the same row.,525,576360,2026-05-15T04:02:41.793Z,https://www.dgpa.gov.tw/uploads/dgpa/files/202505/7927abfd-d520-43d5-913e-c616bf4a16e7.pdf
tw,Taiwan,TWD,POLICE,教育警察俸點 (Education & Police pay-points) — police officers and education personnel use a parallel 俸點 numbering on the same 公務人員俸額表 (column 2). Monthly amounts are identical to the civil-service 俸點 scale at the same row.,550,594720,2026-05-15T04:02:41.793Z,https://www.dgpa.gov.tw/uploads/dgpa/files/202505/7927abfd-d520-43d5-913e-c616bf4a16e7.pdf
tw,Taiwan,TWD,POLICE,教育警察俸點 (Education & Police pay-points) — police officers and education personnel use a parallel 俸點 numbering on the same 公務人員俸額表 (column 2). Monthly amounts are identical to the civil-service 俸點 scale at the same row.,575,613200,2026-05-15T04:02:41.793Z,https://www.dgpa.gov.tw/uploads/dgpa/files/202505/7927abfd-d520-43d5-913e-c616bf4a16e7.pdf
tw,Taiwan,TWD,POLICE,教育警察俸點 (Education & Police pay-points) — police officers and education personnel use a parallel 俸點 numbering on the same 公務人員俸額表 (column 2). Monthly amounts are identical to the civil-service 俸點 scale at the same row.,600,631560,2026-05-15T04:02:41.793Z,https://www.dgpa.gov.tw/uploads/dgpa/files/202505/7927abfd-d520-43d5-913e-c616bf4a16e7.pdf
tw,Taiwan,TWD,POLICE,教育警察俸點 (Education & Police pay-points) — police officers and education personnel use a parallel 俸點 numbering on the same 公務人員俸額表 (column 2). Monthly amounts are identical to the civil-service 俸點 scale at the same row.,625,649920,2026-05-15T04:02:41.793Z,https://www.dgpa.gov.tw/uploads/dgpa/files/202505/7927abfd-d520-43d5-913e-c616bf4a16e7.pdf
tw,Taiwan,TWD,POLICE,教育警察俸點 (Education & Police pay-points) — police officers and education personnel use a parallel 俸點 numbering on the same 公務人員俸額表 (column 2). Monthly amounts are identical to the civil-service 俸點 scale at the same row.,650,668280,2026-05-15T04:02:41.793Z,https://www.dgpa.gov.tw/uploads/dgpa/files/202505/7927abfd-d520-43d5-913e-c616bf4a16e7.pdf
tw,Taiwan,TWD,POLICE,教育警察俸點 (Education & Police pay-points) — police officers and education personnel use a parallel 俸點 numbering on the same 公務人員俸額表 (column 2). Monthly amounts are identical to the civil-service 俸點 scale at the same row.,680,686640,2026-05-15T04:02:41.793Z,https://www.dgpa.gov.tw/uploads/dgpa/files/202505/7927abfd-d520-43d5-913e-c616bf4a16e7.pdf
tw,Taiwan,TWD,POLICE,教育警察俸點 (Education & Police pay-points) — police officers and education personnel use a parallel 俸點 numbering on the same 公務人員俸額表 (column 2). Monthly amounts are identical to the civil-service 俸點 scale at the same row.,710,714240,2026-05-15T04:02:41.793Z,https://www.dgpa.gov.tw/uploads/dgpa/files/202505/7927abfd-d520-43d5-913e-c616bf4a16e7.pdf
tw,Taiwan,TWD,POLICE,教育警察俸點 (Education & Police pay-points) — police officers and education personnel use a parallel 俸點 numbering on the same 公務人員俸額表 (column 2). Monthly amounts are identical to the civil-service 俸點 scale at the same row.,740,723480,2026-05-15T04:02:41.793Z,https://www.dgpa.gov.tw/uploads/dgpa/files/202505/7927abfd-d520-43d5-913e-c616bf4a16e7.pdf
tw,Taiwan,TWD,POLICE,教育警察俸點 (Education & Police pay-points) — police officers and education personnel use a parallel 俸點 numbering on the same 公務人員俸額表 (column 2). Monthly amounts are identical to the civil-service 俸點 scale at the same row.,770,762840,2026-05-15T04:02:41.793Z,https://www.dgpa.gov.tw/uploads/dgpa/files/202505/7927abfd-d520-43d5-913e-c616bf4a16e7.pdf
tw,Taiwan,TWD,PROF,"專業加給(二) (Professional supplement, Type II) — the standard monthly professional allowance for most civil servants and police under DGPA 附表6. Paid to every career 公務人員 on top of 俸額. Mapped by 職等 1-14.",1,258000,2026-05-15T04:02:50.497Z,https://www.dgpa.gov.tw/information?uid=108&pid=12407
tw,Taiwan,TWD,PROF,"專業加給(二) (Professional supplement, Type II) — the standard monthly professional allowance for most civil servants and police under DGPA 附表6. Paid to every career 公務人員 on top of 俸額. Mapped by 職等 1-14.",2,260280,2026-05-15T04:02:50.497Z,https://www.dgpa.gov.tw/information?uid=108&pid=12407
tw,Taiwan,TWD,PROF,"專業加給(二) (Professional supplement, Type II) — the standard monthly professional allowance for most civil servants and police under DGPA 附表6. Paid to every career 公務人員 on top of 俸額. Mapped by 職等 1-14.",3,261000,2026-05-15T04:02:50.497Z,https://www.dgpa.gov.tw/information?uid=108&pid=12407
tw,Taiwan,TWD,PROF,"專業加給(二) (Professional supplement, Type II) — the standard monthly professional allowance for most civil servants and police under DGPA 附表6. Paid to every career 公務人員 on top of 俸額. Mapped by 職等 1-14.",4,265320,2026-05-15T04:02:50.497Z,https://www.dgpa.gov.tw/information?uid=108&pid=12407
tw,Taiwan,TWD,PROF,"專業加給(二) (Professional supplement, Type II) — the standard monthly professional allowance for most civil servants and police under DGPA 附表6. Paid to every career 公務人員 on top of 俸額. Mapped by 職等 1-14.",5,272760,2026-05-15T04:02:50.497Z,https://www.dgpa.gov.tw/information?uid=108&pid=12407
tw,Taiwan,TWD,PROF,"專業加給(二) (Professional supplement, Type II) — the standard monthly professional allowance for most civil servants and police under DGPA 附表6. Paid to every career 公務人員 on top of 俸額. Mapped by 職等 1-14.",6,310680,2026-05-15T04:02:50.497Z,https://www.dgpa.gov.tw/information?uid=108&pid=12407
tw,Taiwan,TWD,PROF,"專業加給(二) (Professional supplement, Type II) — the standard monthly professional allowance for most civil servants and police under DGPA 附表6. Paid to every career 公務人員 on top of 俸額. Mapped by 職等 1-14.",7,321960,2026-05-15T04:02:50.497Z,https://www.dgpa.gov.tw/information?uid=108&pid=12407
tw,Taiwan,TWD,PROF,"專業加給(二) (Professional supplement, Type II) — the standard monthly professional allowance for most civil servants and police under DGPA 附表6. Paid to every career 公務人員 on top of 俸額. Mapped by 職等 1-14.",8,358200,2026-05-15T04:02:50.497Z,https://www.dgpa.gov.tw/information?uid=108&pid=12407
tw,Taiwan,TWD,PROF,"專業加給(二) (Professional supplement, Type II) — the standard monthly professional allowance for most civil servants and police under DGPA 附表6. Paid to every career 公務人員 on top of 俸額. Mapped by 職等 1-14.",9,371160,2026-05-15T04:02:50.497Z,https://www.dgpa.gov.tw/information?uid=108&pid=12407
tw,Taiwan,TWD,PROF,"專業加給(二) (Professional supplement, Type II) — the standard monthly professional allowance for most civil servants and police under DGPA 附表6. Paid to every career 公務人員 on top of 俸額. Mapped by 職等 1-14.",10,439920,2026-05-15T04:02:50.497Z,https://www.dgpa.gov.tw/information?uid=108&pid=12407
tw,Taiwan,TWD,PROF,"專業加給(二) (Professional supplement, Type II) — the standard monthly professional allowance for most civil servants and police under DGPA 附表6. Paid to every career 公務人員 on top of 俸額. Mapped by 職等 1-14.",11,470280,2026-05-15T04:02:50.497Z,https://www.dgpa.gov.tw/information?uid=108&pid=12407
tw,Taiwan,TWD,PROF,"專業加給(二) (Professional supplement, Type II) — the standard monthly professional allowance for most civil servants and police under DGPA 附表6. Paid to every career 公務人員 on top of 俸額. Mapped by 職等 1-14.",12,520320,2026-05-15T04:02:50.497Z,https://www.dgpa.gov.tw/information?uid=108&pid=12407
tw,Taiwan,TWD,PROF,"專業加給(二) (Professional supplement, Type II) — the standard monthly professional allowance for most civil servants and police under DGPA 附表6. Paid to every career 公務人員 on top of 俸額. Mapped by 職等 1-14.",13,535920,2026-05-15T04:02:50.497Z,https://www.dgpa.gov.tw/information?uid=108&pid=12407
tw,Taiwan,TWD,PROF,"專業加給(二) (Professional supplement, Type II) — the standard monthly professional allowance for most civil servants and police under DGPA 附表6. Paid to every career 公務人員 on top of 俸額. Mapped by 職等 1-14.",14,571680,2026-05-15T04:02:50.497Z,https://www.dgpa.gov.tw/information?uid=108&pid=12407
tw,Taiwan,TWD,WKR,技工工友 — Technicians and General Workers (public sector manual/technical support) with 薪點 90-170 mapping to monthly 工餉.,1,131280,2026-05-15T04:02:48.837Z,https://www.dgpa.gov.tw/information?uid=108&pid=12407
tw,Taiwan,TWD,WKR,技工工友 — Technicians and General Workers (public sector manual/technical support) with 薪點 90-170 mapping to monthly 工餉.,2,138600,2026-05-15T04:02:48.837Z,https://www.dgpa.gov.tw/information?uid=108&pid=12407
tw,Taiwan,TWD,WKR,技工工友 — Technicians and General Workers (public sector manual/technical support) with 薪點 90-170 mapping to monthly 工餉.,3,145800,2026-05-15T04:02:48.837Z,https://www.dgpa.gov.tw/information?uid=108&pid=12407
tw,Taiwan,TWD,WKR,技工工友 — Technicians and General Workers (public sector manual/technical support) with 薪點 90-170 mapping to monthly 工餉.,4,153120,2026-05-15T04:02:48.837Z,https://www.dgpa.gov.tw/information?uid=108&pid=12407
tw,Taiwan,TWD,WKR,技工工友 — Technicians and General Workers (public sector manual/technical support) with 薪點 90-170 mapping to monthly 工餉.,5,160440,2026-05-15T04:02:48.837Z,https://www.dgpa.gov.tw/information?uid=108&pid=12407
tw,Taiwan,TWD,WKR,技工工友 — Technicians and General Workers (public sector manual/technical support) with 薪點 90-170 mapping to monthly 工餉.,6,167760,2026-05-15T04:02:48.837Z,https://www.dgpa.gov.tw/information?uid=108&pid=12407
tw,Taiwan,TWD,WKR,技工工友 — Technicians and General Workers (public sector manual/technical support) with 薪點 90-170 mapping to monthly 工餉.,7,174960,2026-05-15T04:02:48.837Z,https://www.dgpa.gov.tw/information?uid=108&pid=12407
tw,Taiwan,TWD,WKR,技工工友 — Technicians and General Workers (public sector manual/technical support) with 薪點 90-170 mapping to monthly 工餉.,8,182280,2026-05-15T04:02:48.837Z,https://www.dgpa.gov.tw/information?uid=108&pid=12407
tw,Taiwan,TWD,WKR,技工工友 — Technicians and General Workers (public sector manual/technical support) with 薪點 90-170 mapping to monthly 工餉.,9,189600,2026-05-15T04:02:48.837Z,https://www.dgpa.gov.tw/information?uid=108&pid=12407
tw,Taiwan,TWD,WKR,技工工友 — Technicians and General Workers (public sector manual/technical support) with 薪點 90-170 mapping to monthly 工餉.,10,196920,2026-05-15T04:02:48.837Z,https://www.dgpa.gov.tw/information?uid=108&pid=12407
tw,Taiwan,TWD,WKR,技工工友 — Technicians and General Workers (public sector manual/technical support) with 薪點 90-170 mapping to monthly 工餉.,11,204120,2026-05-15T04:02:48.837Z,https://www.dgpa.gov.tw/information?uid=108&pid=12407
tw,Taiwan,TWD,WKR,技工工友 — Technicians and General Workers (public sector manual/technical support) with 薪點 90-170 mapping to monthly 工餉.,12,211440,2026-05-15T04:02:48.837Z,https://www.dgpa.gov.tw/information?uid=108&pid=12407
tw,Taiwan,TWD,WKR,技工工友 — Technicians and General Workers (public sector manual/technical support) with 薪點 90-170 mapping to monthly 工餉.,13,218760,2026-05-15T04:02:48.837Z,https://www.dgpa.gov.tw/information?uid=108&pid=12407
tw,Taiwan,TWD,WKR,技工工友 — Technicians and General Workers (public sector manual/technical support) with 薪點 90-170 mapping to monthly 工餉.,14,226080,2026-05-15T04:02:48.837Z,https://www.dgpa.gov.tw/information?uid=108&pid=12407
tw,Taiwan,TWD,WKR,技工工友 — Technicians and General Workers (public sector manual/technical support) with 薪點 90-170 mapping to monthly 工餉.,15,233280,2026-05-15T04:02:48.837Z,https://www.dgpa.gov.tw/information?uid=108&pid=12407
tw,Taiwan,TWD,WKR,技工工友 — Technicians and General Workers (public sector manual/technical support) with 薪點 90-170 mapping to monthly 工餉.,16,240600,2026-05-15T04:02:48.837Z,https://www.dgpa.gov.tw/information?uid=108&pid=12407
tw,Taiwan,TWD,WKR,技工工友 — Technicians and General Workers (public sector manual/technical support) with 薪點 90-170 mapping to monthly 工餉.,17,247920,2026-05-15T04:02:48.837Z,https://www.dgpa.gov.tw/information?uid=108&pid=12407
